1,10107,S10_1678,2,30,95.7,2871,46
2,10121,S10_1678,5,34,81.35,2765.9,42
3,10134,S10_1678,2,41,94.74,3884.34,55
4,10145,S10_1678,6,45,83.26,3746.7,28
5,10159,S10_1678,14,49,100,4900,48
6,10168,S10_1678,1,36,96.66,3479.76,26
7,10180,S10_1678,9,29,86.13,2497.77,19
8,10188,S10_1678,1,48,100,4800,25
9,10201,S10_1678,2,22,98.57,2168.54,34
10,10211,S10_1678,14,41,100,4100,22
11,10223,S10_1678,1,37,100,3700,39
12,10237,S10_1678,7,23,100,2300,53
13,10251,S10_1678,2,28,100,2800,41
14,10263,S10_1678,2,34,100,3400,39
15,10275,S10_1678,1,45,92.83,4177.35,36
16,10285,S10_1678,6,36,100,3600,31
17,10299,S10_1678,9,23,100,2300,31
18,10309,S10_1678,5,41,100,4100,13
19,10318,S10_1678,1,46,94.74,4358.04,38
20,10329,S10_1678,1,42,100,4200,55
21,10341,S10_1678,9,41,100,4100,42
22,10361,S10_1678,13,20,72.55,1451,33
23,10375,S10_1678,12,21,34.91,733.11,52
24,10388,S10_1678,4,42,76.36,3207.12,21
25,10403,S10_1678,7,24,100,2400,29
26,10417,S10_1678,2,66,100,6600,44
27,10103,S10_1949,11,26,100,2600,17
28,10112,S10_1949,1,29,100,2900,20
29,10126,S10_1949,11,38,100,3800,12
30,10140,S10_1949,11,37,100,3700,37
31,10150,S10_1949,8,45,100,4500,50
32,10163,S10_1949,1,21,100,2100,51
33,10174,S10_1949,4,34,100,3400,14
34,10183,S10_1949,8,23,100,2300,20
35,10194,S10_1949,11,42,100,4200,27
36,10206,S10_1949,6,47,100,4700,24
37,10215,S10_1949,3,35,100,3500,3
38,10228,S10_1949,2,29,100,2900,29
39,10245,S10_1949,9,34,100,3400,52
40,10258,S10_1949,6,32,100,3200,52
41,10270,S10_1949,9,21,100,2100,58
42,10280,S10_1949,2,34,100,3400,20
43,10291,S10_1949,11,37,100,3700,42
44,10304,S10_1949,6,47,100,4700,6
45,10312,S10_1949,3,48,100,4800,24
46,10322,S10_1949,1,40,100,4000,40
47,10333,S10_1949,3,26,100,2600,7
48,10347,S10_1949,1,30,100,3000,24
49,10357,S10_1949,10,32,100,3200,21
50,10369,S10_1949,2,41,100,4100,39
51,10381,S10_1949,3,36,100,3600,20
52,10391,S10_1949,4,24,100,2400,49
53,10411,S10_1949,9,23,100,2300,21
54,10424,S10_1949,6,50,100,5000,51
55,10107,S10_2016,5,39,99.91,3896.49,4
56,10120,S10_2016,3,29,96.34,2793.86,47
57,10134,S10_2016,5,27,100,2700,60
58,10145,S10_2016,9,37,100,3700,19
59,10159,S10_2016,17,37,100,3700,27
60,10168,S10_2016,4,27,100,2700,52
61,10180,S10_2016,12,42,100,4200,35
62,10188,S10_2016,4,38,96.34,3660.92,4
63,10201,S10_2016,5,24,100,2400,58
64,10210,S10_2016,2,23,100,2300,31
65,10223,S10_2016,4,47,100,4700,51
66,10236,S10_2016,1,22,100,2200,15
67,10251,S10_2016,5,44,100,4400,9
68,10263,S10_2016,5,40,100,4000,45
69,10275,S10_2016,4,22,100,2200,5
70,10285,S10_2016,9,47,100,4700,37
71,10298,S10_2016,1,39,96.34,3757.26,3
72,10308,S10_2016,2,34,100,3400,28
73,10318,S10_2016,4,45,100,4500,53
74,10329,S10_2016,2,20,100,2000,16
75,10339,S10_2016,4,40,68.92,2756.8,48
76,10361,S10_2016,8,26,51.15,1329.9,2
77,10374,S10_2016,5,39,100,3900,51
78,10388,S10_2016,5,50,44.51,2225.5,8
79,10402,S10_2016,1,45,100,4500,17
80,10417,S10_2016,5,45,100,4500,46
81,10107,S10_4698,4,27,100,2700,5
82,10120,S10_4698,2,46,100,4600,30
83,10134,S10_4698,4,31,100,3100,34
84,10145,S10_4698,8,33,100,3300,5
85,10159,S10_4698,16,22,100,2200,33
86,10168,S10_4698,3,20,100,2000,49
87,10180,S10_4698,11,41,100,4100,9
88,10188,S10_4698,3,45,100,4500,24
89,10201,S10_4698,4,49,100,4900,41
90,10210,S10_4698,1,34,100,3400,23
91,10223,S10_4698,3,49,100,4900,26
92,10237,S10_4698,9,39,100,3900,28
93,10251,S10_4698,4,43,100,4300,8
94,10263,S10_4698,4,41,100,4100,41
95,10275,S10_4698,3,36,100,3600,54
96,10285,S10_4698,8,27,100,2700,17
97,10299,S10_4698,11,29,100,2900,42
98,10308,S10_4698,1,20,100,2000,7
99,10318,S10_4698,3,37,100,3700,4
100,10329,S10_4698,3,26,100,2600,37
101,10339,S10_4698,3,39,76.67,2990.13,46
102,10362,S10_4698,4,22,100,2200,14
103,10374,S10_4698,1,22,100,2200,50
104,10388,S10_4698,7,21,86.77,1822.17,18
105,10403,S10_4698,9,66,100,6600,11
106,10417,S10_4698,4,56,100,5600,54
107,10105,S10_4757,2,50,100,5000,27
108,10119,S10_4757,11,46,100,4600,54
109,10129,S10_4757,2,33,100,3300,14
110,10143,S10_4757,15,49,100,4900,40
111,10155,S10_4757,13,32,100,3200,48
112,10167,S10_4757,9,44,100,4400,48
113,10178,S10_4757,12,24,100,2400,60
114,10186,S10_4757,9,26,100,2600,40
115,10197,S10_4757,6,45,100,4500,35
116,10209,S10_4757,8,39,100,3900,55
117,10222,S10_4757,12,49,100,4900,35
118,10248,S10_4757,3,20,100,2000,25
119,10261,S10_4757,1,27,100,2700,6
120,10273,S10_4757,4,30,100,3000,32
121,10283,S10_4757,6,25,100,2500,56
122,10295,S10_4757,1,24,100,2400,27
123,10307,S10_4757,9,22,100,2200,10
124,10316,S10_4757,17,33,100,3300,11
125,10325,S10_4757,6,47,64.93,3051.71,28
126,10337,S10_4757,8,25,48.05,1201.25,14
127,10350,S10_4757,5,26,75.47,1962.22,27
128,10359,S10_4757,6,48,54.68,2624.64,56
129,10373,S10_4757,3,39,100,3900,10
130,10384,S10_4757,4,34,100,3400,36
131,10395,S10_4757,2,32,100,3200,58
132,10400,S10_4757,9,64,100,6400,45
133,10414,S10_4757,3,19,100,1900,47
134,10103,S10_4962,4,42,100,4200,12
135,10114,S10_4962,8,31,100,3100,54
136,10126,S10_4962,4,22,100,2200,31
137,10140,S10_4962,4,26,100,2600,18
138,10150,S10_4962,1,20,100,2000,45
139,10164,S10_4962,2,21,100,2100,46
140,10175,S10_4962,9,33,100,3300,13
141,10183,S10_4962,1,28,100,2800,14
142,10194,S10_4962,4,26,100,2600,35
143,10207,S10_4962,15,31,100,3100,34
144,10217,S10_4962,4,48,100,4800,48
145,10229,S10_4962,9,50,100,5000,43
146,10245,S10_4962,2,28,100,2800,27
147,10259,S10_4962,12,26,100,2600,36
148,10270,S10_4962,2,32,100,3200,52
149,10281,S10_4962,9,44,100,4400,7
150,10291,S10_4962,4,30,100,3000,24
151,10305,S10_4962,13,38,100,3800,13
152,10313,S10_4962,7,40,100,4000,15
153,10322,S10_4962,8,46,61.99,2851.54,58
154,10334,S10_4962,2,26,100,2600,51
155,10347,S10_4962,2,27,100,2700,29
156,10357,S10_4962,9,43,100,4300,60
157,10370,S10_4962,4,35,65.63,2297.05,1
158,10381,S10_4962,6,37,100,3700,55
159,10391,S10_4962,7,37,46.9,1735.3,47
160,10411,S10_4962,2,27,100,2700,60
161,10425,S10_4962,12,38,100,3800,51
162,10108,S12_1099,6,33,100,3300,60
163,10122,S12_1099,10,42,100,4200,1
164,10135,S12_1099,7,42,100,4200,10
165,10147,S12_1099,7,48,100,4800,37
166,10159,S12_1099,2,41,100,4100,21
167,10169,S12_1099,2,30,100,3000,49
168,10181,S12_1099,14,27,100,2700,31
169,10191,S12_1099,3,21,100,2100,38
170,10203,S12_1099,8,20,100,2000,16
171,10211,S12_1099,2,41,100,4100,6
172,10225,S12_1099,9,27,100,2700,46
173,10238,S12_1099,3,28,100,2800,25
174,10253,S12_1099,13,24,100,2400,49
175,10266,S12_1099,14,44,100,4400,7
176,10276,S12_1099,3,50,100,5000,47
177,10287,S12_1099,12,21,100,2100,9
178,10300,S12_1099,5,33,100,3300,49
179,10310,S12_1099,10,33,100,3300,9
180,10320,S12_1099,3,31,100,3100,17
181,10329,S12_1099,5,41,71.47,2930.27,21
182,10341,S12_1099,2,45,79.65,3584.25,21
183,10363,S12_1099,3,33,85.39,2817.87,25
184,10375,S12_1099,7,45,76,3420,44
185,10389,S12_1099,4,26,99.04,2575.04,1
186,10419,S12_1099,13,12,100,1200,37
187,10105,S12_1108,15,41,100,4100,44
188,10117,S12_1108,9,33,100,3300,40
189,10127,S12_1108,2,46,100,4600,45
190,10142,S12_1108,12,33,100,3300,4
191,10153,S12_1108,11,20,100,2000,46
192,10165,S12_1108,3,44,100,4400,8
193,10176,S12_1108,2,33,100,3300,43
194,10185,S12_1108,13,21,100,2100,56
195,10196,S12_1108,5,47,100,4700,18
196,10208,S12_1108,13,46,100,4600,52
197,10220,S12_1108,2,32,100,3200,30
198,10231,S12_1108,2,42,100,4200,12
199,10247,S12_1108,2,44,100,4400,57
200,10272,S12_1108,2,35,100,3500,21
201,10282,S12_1108,5,41,100,4100,26
202,10293,S12_1108,8,46,100,4600,4
203,10306,S12_1108,13,31,100,3100,16
204,10314,S12_1108,5,38,100,3800,24
205,10325,S12_1108,8,42,64,2688,49
206,10336,S12_1108,10,33,57.22,1888.26,32
207,10348,S12_1108,8,48,52.36,2513.28,33
208,10359,S12_1108,8,42,100,4200,51
209,10371,S12_1108,6,32,100,3200,39
210,10382,S12_1108,10,34,100,3400,28
211,10395,S12_1108,1,33,69.12,2280.96,12
212,10413,S12_1108,2,36,100,3600,29
213,10103,S12_1666,8,27,100,2700,57
214,10113,S12_1666,2,21,100,2100,45
215,10126,S12_1666,8,21,100,2100,10
216,10140,S12_1666,8,38,100,3800,36
217,10150,S12_1666,5,30,100,3000,39
218,10164,S12_1666,6,49,100,4900,60
219,10174,S12_1666,1,43,100,4300,9
220,10183,S12_1666,5,41,100,4100,9
221,10194,S12_1666,8,38,100,3800,17
222,10206,S12_1666,3,28,100,2800,4
223,10216,S12_1666,1,43,100,4300,19
224,10229,S12_1666,13,25,100,2500,21
225,10245,S12_1666,6,38,100,3800,49
226,10258,S12_1666,3,41,100,4100,60
227,10270,S12_1666,6,28,100,2800,32
228,10281,S12_1666,13,25,100,2500,57
229,10291,S12_1666,8,41,100,4100,4
230,10304,S12_1666,3,39,100,3900,37
231,10313,S12_1666,11,21,100,2100,52
232,10322,S12_1666,9,27,100,2700,56
233,10333,S12_1666,6,33,99.21,3273.93,33
234,10347,S12_1666,3,29,100,2900,54
235,10357,S12_1666,8,49,100,4900,18
236,10370,S12_1666,8,49,100,4900,12
237,10381,S12_1666,1,20,100,2000,33
238,10391,S12_1666,9,39,63.2,2464.8,9
239,10411,S12_1666,6,40,100,4000,26
240,10424,S12_1666,3,49,100,4900,34
241,10107,S12_2823,1,21,100,2100,52
242,10121,S12_2823,4,50,100,5000,50
243,10134,S12_2823,1,20,100,2000,46
244,10145,S12_2823,5,49,100,4900,50
245,10159,S12_2823,13,38,100,3800,43
246,10169,S12_2823,13,35,100,3500,34
247,10180,S12_2823,8,40,100,4000,5
248,10189,S12_2823,1,28,100,2800,40
249,10201,S12_2823,1,25,100,2500,32
250,10211,S12_2823,13,36,100,3600,28
251,10224,S12_2823,6,43,100,4300,31
252,10237,S12_2823,6,32,100,3200,7
253,10251,S12_2823,1,46,100,4600,7
254,10263,S12_2823,1,48,100,4800,2
255,10276,S12_2823,14,43,100,4300,28
256,10285,S12_2823,5,49,100,4900,44
257,10299,S12_2823,8,24,100,2400,10
258,10309,S12_2823,4,26,100,2600,25
259,10319,S12_2823,9,30,100,3000,58
260,10329,S12_2823,6,24,100,2400,45
261,10341,S12_2823,8,55,100,5500,29
262,10362,S12_2823,1,22,100,2200,53
263,10375,S12_2823,13,49,78.92,3867.08,3
264,10388,S12_2823,6,44,100,4400,7
265,10403,S12_2823,6,66,100,6600,12
266,10417,S12_2823,1,21,100,2100,17
267,10104,S12_3148,1,34,100,3400,40
268,10117,S12_3148,10,43,100,4300,23
269,10127,S12_3148,3,46,100,4600,5
270,10142,S12_3148,13,33,100,3300,38
271,10153,S12_3148,12,42,100,4200,35
272,10165,S12_3148,4,34,100,3400,27
273,10176,S12_3148,3,47,100,4700,50
274,10185,S12_3148,14,33,100,3300,49
275,10196,S12_3148,6,24,100,2400,44
276,10208,S12_3148,14,26,100,2600,15
277,10220,S12_3148,3,30,100,3000,5
278,10230,S12_3148,1,43,100,4300,41
279,10247,S12_3148,3,25,100,2500,49
280,10272,S12_3148,3,27,100,2700,32
281,10282,S12_3148,6,27,100,2700,52
282,10293,S12_3148,9,24,100,2400,1
283,10306,S12_3148,14,34,100,3400,7
284,10314,S12_3148,6,46,100,4600,33
285,10324,S12_3148,1,27,54.33,1466.91,15
286,10336,S12_3148,11,33,100,3300,42
287,10348,S12_3148,4,47,100,4700,54
288,10358,S12_3148,5,49,55.34,2711.66,45
289,10372,S12_3148,4,40,100,4000,19
290,10382,S12_3148,11,37,100,3700,38
291,10413,S12_3148,3,47,100,4700,6
292,10108,S12_3380,4,45,100,4500,47
293,10122,S12_3380,8,37,99.82,3693.34,6
294,10135,S12_3380,5,48,100,4800,8
295,10147,S12_3380,5,31,100,3100,5
296,10160,S12_3380,6,46,100,4600,30
297,10170,S12_3380,4,47,100,4700,11
298,10181,S12_3380,12,28,100,2800,51
299,10191,S12_3380,1,40,100,4000,57
300,10203,S12_3380,6,20,100,2000,36
301,10212,S12_3380,16,39,100,3900,20
302,10225,S12_3380,7,25,99.82,2495.5,26
303,10238,S12_3380,1,29,100,2900,28
304,10253,S12_3380,11,22,100,2200,32
305,10266,S12_3380,12,22,100,2200,34
306,10276,S12_3380,1,47,100,4700,28
307,10287,S12_3380,10,45,100,4500,49
308,10300,S12_3380,3,29,100,2900,8
309,10310,S12_3380,8,24,100,2400,57
310,10320,S12_3380,1,35,100,3500,23
311,10329,S12_3380,13,46,83.63,3846.98,50
312,10341,S12_3380,1,44,95.93,4220.92,46
313,10363,S12_3380,4,34,96.73,3288.82,20
314,10376,S12_3380,1,35,100,3500,20
315,10389,S12_3380,6,25,72.38,1809.5,27
316,10419,S12_3380,11,10,100,1000,60
317,10105,S12_3891,14,29,100,2900,57
318,10117,S12_3891,8,39,100,3900,48
319,10127,S12_3891,1,42,100,4200,17
320,10142,S12_3891,11,46,100,4600,26
321,10153,S12_3891,10,49,100,4900,33
322,10165,S12_3891,2,27,100,2700,9
323,10176,S12_3891,1,50,100,5000,3
324,10185,S12_3891,12,43,100,4300,25
325,10196,S12_3891,4,38,100,3800,60
326,10208,S12_3891,12,20,100,2000,28
327,10220,S12_3891,1,27,100,2700,47
328,10231,S12_3891,1,49,100,4900,56
329,10247,S12_3891,1,27,100,2700,30
330,10272,S12_3891,1,39,100,3900,41
331,10282,S12_3891,4,24,100,2400,47
332,10293,S12_3891,7,45,100,4500,30
333,10306,S12_3891,12,20,100,2000,12
334,10314,S12_3891,4,36,100,3600,7
335,10325,S12_3891,1,24,100,2400,50
336,10336,S12_3891,1,49,63.38,3105.62,13
337,10349,S12_3891,10,26,100,2600,58
338,10359,S12_3891,5,49,62.09,3042.41,35
339,10372,S12_3891,1,34,100,3400,25
340,10382,S12_3891,12,34,95.35,3241.9,8
341,10396,S12_3891,3,33,100,3300,6
342,10413,S12_3891,1,22,100,2200,33
343,10108,S12_3990,7,39,89.38,3485.82,26
344,10122,S12_3990,11,32,63.84,2042.88,22
345,10135,S12_3990,8,24,75.01,1800.24,12
346,10147,S12_3990,8,21,63.84,1340.64,10
347,10159,S12_3990,3,24,73.42,1762.08,23
348,10169,S12_3990,3,36,63.84,2298.24,31
349,10181,S12_3990,15,20,81.4,1628,44
350,10191,S12_3990,4,30,64.64,1939.2,31
351,10203,S12_3990,9,44,82.99,3651.56,2
352,10211,S12_3990,3,28,92.57,2591.96,21
353,10225,S12_3990,10,37,77.41,2864.17,26
354,10238,S12_3990,4,20,74.21,1484.2,6
355,10253,S12_3990,14,25,90.17,2254.25,56
356,10266,S12_3990,15,35,76.61,2681.35,23
357,10276,S12_3990,4,38,83.79,3184.02,20
358,10287,S12_3990,13,41,69.43,2846.63,57
359,10300,S12_3990,6,22,76.61,1685.42,51
360,10310,S12_3990,11,49,81.4,3988.6,54
361,10320,S12_3990,4,38,73.42,2789.96,8
362,10329,S12_3990,14,33,100,3300,48
363,10341,S12_3990,10,36,93.56,3368.16,57
364,10363,S12_3990,5,34,81.62,2775.08,44
365,10377,S12_3990,5,24,67.83,1627.92,45
366,10389,S12_3990,7,36,70.26,2529.36,6
367,10419,S12_3990,14,34,90.17,3065.78,10
368,10104,S12_4473,9,41,100,4100,7
369,10115,S12_4473,5,46,100,4600,18
370,10127,S12_4473,11,24,100,2400,24
371,10141,S12_4473,5,21,100,2100,53
372,10151,S12_4473,3,24,100,2400,37
373,10165,S12_4473,12,48,100,4800,29
374,10175,S12_4473,1,26,100,2600,3
375,10184,S12_4473,6,37,100,3700,1
376,10195,S12_4473,6,49,100,4900,11
377,10207,S12_4473,7,34,99.54,3384.36,5
378,10219,S12_4473,2,48,100,4800,56
379,10229,S12_4473,1,36,100,3600,1
380,10246,S12_4473,5,46,100,4600,51
381,10259,S12_4473,4,46,100,4600,26
382,10271,S12_4473,5,31,97.17,3012.27,5
383,10281,S12_4473,1,41,100,4100,32
384,10292,S12_4473,8,21,100,2100,44
385,10305,S12_4473,5,38,100,3800,50
386,10314,S12_4473,14,45,100,4500,29
387,10324,S12_4473,7,26,58.38,1517.88,7
388,10336,S12_4473,3,38,100,3800,28
389,10349,S12_4473,9,48,100,4800,3
390,10358,S12_4473,9,42,64.16,2694.72,45
391,10371,S12_4473,4,49,35.71,1749.79,24
392,10382,S12_4473,13,32,66.58,2130.56,20
393,10412,S12_4473,5,54,100,5400,23
394,10425,S12_4473,4,33,100,3300,27
395,10108,S12_4675,3,36,100,3600,26
396,10122,S12_4675,7,20,100,2000,14
397,10135,S12_4675,4,29,97.89,2838.81,24
398,10147,S12_4675,4,33,97.89,3230.37,36
399,10160,S12_4675,5,50,100,5000,18
400,10170,S12_4675,3,41,100,4100,50
401,10181,S12_4675,11,36,100,3600,46
402,10192,S12_4675,16,27,100,2700,14
403,10203,S12_4675,5,47,100,4700,6
404,10212,S12_4675,15,33,100,3300,57
405,10225,S12_4675,6,21,100,2100,40
406,10239,S12_4675,5,21,93.28,1958.88,28
407,10253,S12_4675,10,41,100,4100,25
408,10266,S12_4675,11,40,100,4000,18
409,10277,S12_4675,1,28,100,2800,24
410,10287,S12_4675,9,23,100,2300,12
411,10300,S12_4675,2,23,100,2300,43
412,10310,S12_4675,7,25,100,2500,35
413,10321,S12_4675,15,24,100,2400,39
414,10329,S12_4675,15,39,64.74,2524.86,32
415,10341,S12_4675,7,55,75.2,4136,22
416,10363,S12_4675,6,46,88.45,4068.7,9
417,10377,S12_4675,1,50,100,5000,12
418,10389,S12_4675,8,47,100,4700,21
419,10405,S12_4675,5,97,93.28,9048.16,37
420,10419,S12_4675,10,32,100,3200,6
421,10103,S18_1097,10,35,100,3500,57
422,10113,S18_1097,4,49,100,4900,58
423,10126,S18_1097,10,38,100,3800,59
424,10140,S18_1097,10,32,100,3200,8
425,10150,S18_1097,7,34,100,3400,28
426,10164,S18_1097,8,36,99.17,3570.12,58
427,10174,S18_1097,3,48,93.34,4480.32,10
428,10183,S18_1097,7,21,96.84,2033.64,40
429,10194,S18_1097,10,21,93.34,1960.14,58
430,10206,S18_1097,5,34,100,3400,3
431,10215,S18_1097,2,46,100,4600,49
432,10228,S18_1097,1,32,100,3200,13
433,10245,S18_1097,8,29,100,2900,30
434,10258,S18_1097,5,41,100,4100,18
435,10270,S18_1097,8,43,96.84,4164.12,11
436,10280,S18_1097,1,24,100,2400,17
437,10291,S18_1097,10,41,100,4100,28
438,10304,S18_1097,5,46,98,4508,26
439,10312,S18_1097,2,32,100,3200,43
440,10322,S18_1097,10,22,100,2200,26
441,10333,S18_1097,7,29,40.25,1167.25,1
442,10347,S18_1097,5,42,49.6,2083.2,37
443,10357,S18_1097,1,39,98,3822,26
444,10370,S18_1097,1,27,100,2700,37
445,10381,S18_1097,2,48,98,4704,54
446,10391,S18_1097,10,29,85.1,2467.9,20
447,10411,S18_1097,8,27,100,2700,57
448,10424,S18_1097,5,54,100,5400,47
449,10109,S18_1129,4,26,100,2600,59
450,10122,S18_1129,2,34,100,3400,22
451,10136,S18_1129,2,25,100,2500,19
452,10148,S18_1129,13,23,100,2300,5
453,10161,S18_1129,12,28,100,2800,53
454,10171,S18_1129,2,35,100,3500,26
455,10181,S18_1129,6,44,100,4400,39
456,10192,S18_1129,11,22,100,2200,15
457,10204,S18_1129,17,42,100,4200,48
458,10212,S18_1129,10,29,100,2900,52
459,10225,S18_1129,1,32,100,3200,25
460,10240,S18_1129,3,41,100,4100,52
461,10253,S18_1129,5,26,100,2600,46
462,10266,S18_1129,6,21,100,2100,20
463,10278,S18_1129,6,34,100,3400,55
464,10287,S18_1129,4,41,100,4100,19
465,10301,S18_1129,8,37,100,3700,59
466,10310,S18_1129,2,37,100,3700,35
467,10321,S18_1129,10,41,100,4100,40
468,10331,S18_1129,6,46,100,4600,13
469,10342,S18_1129,2,40,100,4000,13
470,10356,S18_1129,8,43,97.6,4196.8,57
471,10365,S18_1129,1,30,87.06,2611.8,36
472,10377,S18_1129,2,35,100,3500,10
473,10390,S18_1129,14,36,93.77,3375.72,11
474,10406,S18_1129,3,61,100,6100,8
475,10419,S18_1129,5,38,100,3800,2
476,10102,S18_1342,2,39,100,3900,52
477,10111,S18_1342,6,33,99.66,3288.78,27
478,10125,S18_1342,1,32,100,3200,11
479,10139,S18_1342,7,31,100,3100,29
480,10149,S18_1342,4,50,100,5000,8
481,10162,S18_1342,2,48,91.44,4389.12,48
482,10173,S18_1342,6,43,100,4300,8
483,10182,S18_1342,3,25,87.33,2183.25,19
484,10193,S18_1342,7,28,100,2800,2
485,10205,S18_1342,2,36,100,3600,33
486,10215,S18_1342,10,27,89.38,2413.26,16
487,10227,S18_1342,3,25,100,2500,30
488,10244,S18_1342,7,40,100,4000,49
489,10256,S18_1342,2,34,95.55,3248.7,21
490,10280,S18_1342,9,50,100,5000,55
491,10289,S18_1342,2,38,100,3800,29
492,10304,S18_1342,13,37,95.55,3535.35,22
493,10312,S18_1342,10,43,89.38,3843.34,26
494,10322,S18_1342,14,43,86.3,3710.9,35
495,10332,S18_1342,15,46,95.13,4375.98,46
496,10346,S18_1342,3,42,36.11,1516.62,55
497,10356,S18_1342,9,50,50.18,2509,41
498,10369,S18_1342,8,44,100,4400,15
499,10380,S18_1342,13,27,93.16,2515.32,29
500,10391,S18_1342,2,35,100,3500,19
501,10422,S18_1342,2,51,95.55,4873.05,7
502,10102,S18_1367,1,41,50.14,2055.74,55
503,10111,S18_1367,5,48,49.06,2354.88,41
504,10126,S18_1367,17,42,54.99,2309.58,56
505,10139,S18_1367,6,49,43.13,2113.37,57
506,10149,S18_1367,3,30,58.22,1746.6,23
507,10162,S18_1367,1,45,51.21,2304.45,53
508,10173,S18_1367,5,48,44.21,2122.08,24
509,10182,S18_1367,2,32,54.45,1742.4,31
510,10193,S18_1367,6,46,53.37,2455.02,21
511,10205,S18_1367,1,48,63.61,3053.28,16
512,10215,S18_1367,9,33,43.13,1423.29,33
513,10227,S18_1367,2,31,48.52,1504.12,6
514,10244,S18_1367,6,20,58.22,1164.4,37
515,10256,S18_1367,1,29,51.75,1500.75,5
516,10280,S18_1367,8,27,57.68,1557.36,19
517,10289,S18_1367,1,24,56.07,1345.68,18
518,10304,S18_1367,12,37,48.52,1795.24,17
519,10312,S18_1367,9,25,44.21,1105.25,8
520,10322,S18_1367,5,41,57.68,2364.88,17
521,10332,S18_1367,16,27,89.89,2427.03,6
522,10347,S18_1367,7,21,58.95,1237.95,20
523,10356,S18_1367,6,22,72.41,1593.02,22
524,10369,S18_1367,7,32,98.63,3156.16,36
525,10381,S18_1367,9,25,52.83,1320.75,36
526,10391,S18_1367,3,42,100,4200,54
527,10422,S18_1367,1,25,51.75,1293.75,5
528,10110,S18_1589,16,37,100,3700,55
529,10123,S18_1589,2,26,100,2600,26
530,10137,S18_1589,2,44,99.55,4380.2,35
531,10148,S18_1589,9,47,100,4700,59
532,10161,S18_1589,8,43,100,4300,25
533,10172,S18_1589,6,42,100,4200,9
534,10181,S18_1589,2,42,100,4200,1
535,10192,S18_1589,7,29,100,2900,24
536,10204,S18_1589,13,40,100,4000,32
537,10212,S18_1589,6,38,100,3800,8
538,10226,S18_1589,4,38,100,3800,16
539,10241,S18_1589,11,21,100,2100,56
540,10253,S18_1589,1,24,100,2400,36
541,10266,S18_1589,2,36,100,3600,2
542,10278,S18_1589,2,23,100,2300,31
543,10288,S18_1589,14,20,100,2000,53
544,10301,S18_1589,4,32,100,3200,21
545,10311,S18_1589,9,29,100,2900,57
546,10321,S18_1589,6,44,100,4400,10
547,10331,S18_1589,14,44,100,4400,18
548,10343,S18_1589,4,36,100,3600,25
549,10367,S18_1589,1,49,56.3,2758.7,57
550,10378,S18_1589,5,34,42.64,1449.76,28
551,10407,S18_1589,11,59,100,5900,11
552,10419,S18_1589,1,37,100,3700,25
553,10106,S18_1662,12,36,100,3600,27
554,10119,S18_1662,3,43,100,4300,8
555,10131,S18_1662,4,21,100,2100,12
556,10143,S18_1662,7,32,100,3200,7
557,10155,S18_1662,5,38,100,3800,30
558,10167,S18_1662,1,43,100,4300,57
559,10178,S18_1662,4,42,100,4200,44
560,10186,S18_1662,1,32,100,3200,38
561,10198,S18_1662,4,42,100,4200,55
562,10210,S18_1662,17,31,100,3100,12
563,10222,S18_1662,4,49,100,4900,33
564,10250,S18_1662,14,45,100,4500,51
565,10262,S18_1662,9,49,100,4900,14
566,10274,S18_1662,1,41,100,4100,31
567,10284,S18_1662,11,45,100,4500,36
568,10296,S18_1662,7,36,100,3600,3
569,10307,S18_1662,1,39,100,3900,52
570,10316,S18_1662,9,27,100,2700,8
571,10327,S18_1662,6,25,100,2500,24
572,10338,S18_1662,1,41,100,4100,28
573,10351,S18_1662,1,39,99.52,3881.28,30
574,10373,S18_1662,4,28,57.55,1611.4,49
575,10386,S18_1662,7,25,54.57,1364.25,24
576,10398,S18_1662,11,33,100,3300,43
577,10400,S18_1662,1,34,100,3400,41
578,10416,S18_1662,14,24,100,2400,1
579,10100,S18_1749,3,30,100,3000,43
580,10110,S18_1749,7,42,100,4200,2
581,10124,S18_1749,6,21,100,2100,23
582,10149,S18_1749,11,34,100,3400,56
583,10162,S18_1749,9,29,100,2900,9
584,10173,S18_1749,13,24,100,2400,56
585,10182,S18_1749,10,44,100,4400,14
586,10193,S18_1749,14,21,100,2100,49
587,10204,S18_1749,4,33,100,3300,7
588,10214,S18_1749,7,30,100,3000,18
589,10227,S18_1749,10,26,100,2600,36
590,10241,S18_1749,2,41,100,4100,4
591,10280,S18_1749,16,26,100,2600,8
592,10288,S18_1749,5,32,100,3200,26
593,10302,S18_1749,1,43,100,4300,39
594,10312,S18_1749,17,48,100,4800,43
595,10331,S18_1749,7,44,74.04,3257.76,35
596,10344,S18_1749,1,45,100,4500,47
597,10367,S18_1749,3,37,100,3700,5
598,10379,S18_1749,2,39,100,3900,47
599,10407,S18_1749,2,76,100,7600,42
600,10420,S18_1749,5,37,100,3700,58
601,10108,S18_1889,2,38,82.39,3130.82,15
602,10122,S18_1889,6,43,72.38,3112.34,30
603,10135,S18_1889,3,48,79.31,3806.88,33
604,10147,S18_1889,3,26,82.39,2142.14,54
605,10160,S18_1889,4,38,88.55,3364.9,45
606,10170,S18_1889,2,20,63.14,1262.8,36
607,10181,S18_1889,10,22,73.92,1626.24,51
608,10192,S18_1889,15,45,90.86,4088.7,23
609,10203,S18_1889,4,45,85.47,3846.15,36
610,10212,S18_1889,14,20,66.99,1339.8,19
611,10225,S18_1889,5,47,64.68,3039.96,59
612,10239,S18_1889,4,46,73.92,3400.32,6
613,10253,S18_1889,9,23,83.93,1930.39,23
614,10266,S18_1889,10,33,74.69,2464.77,25
615,10278,S18_1889,10,29,90.86,2634.94,22
616,10287,S18_1889,8,44,82.39,3625.16,40
617,10300,S18_1889,1,41,92.4,3788.4,55
618,10310,S18_1889,6,20,91.63,1832.6,45
619,10321,S18_1889,14,37,78.54,2905.98,2
620,10329,S18_1889,9,29,100,2900,48
621,10342,S18_1889,1,55,65.45,3599.75,24
622,10363,S18_1889,7,22,100,2200,12
623,10377,S18_1889,4,31,67.76,2100.56,13
624,10389,S18_1889,3,49,79.22,3881.78,10
625,10405,S18_1889,4,61,73.92,4509.12,50
626,10419,S18_1889,9,39,83.93,3273.27,59
627,10109,S18_1984,3,38,100,3800,5
628,10122,S18_1984,1,31,100,3100,1
629,10136,S18_1984,1,36,100,3600,50
630,10148,S18_1984,12,25,100,2500,40
631,10161,S18_1984,11,48,100,4800,18
632,10171,S18_1984,1,35,100,3500,47
633,10181,S18_1984,5,21,100,2100,1
634,10192,S18_1984,10,47,100,4700,44
635,10204,S18_1984,16,38,100,3800,42
636,10212,S18_1984,9,41,100,4100,52
637,10226,S18_1984,7,24,100,2400,34
638,10240,S18_1984,2,37,100,3700,25
639,10253,S18_1984,4,33,100,3300,10
640,10266,S18_1984,5,49,100,4900,1
641,10278,S18_1984,5,29,100,2900,32
642,10287,S18_1984,3,24,100,2400,51
643,10301,S18_1984,7,47,100,4700,49
644,10310,S18_1984,1,24,100,2400,33
645,10321,S18_1984,9,25,100,2500,42
646,10331,S18_1984,8,30,32.47,974.1,39
647,10342,S18_1984,3,22,100,2200,34
648,10356,S18_1984,2,27,64.69,1746.63,39
649,10366,S18_1984,3,34,100,3400,27
650,10377,S18_1984,6,36,100,3600,39
651,10390,S18_1984,15,34,43.05,1463.7,5
652,10406,S18_1984,2,48,100,4800,45
653,10419,S18_1984,4,34,100,3400,40
654,10104,S18_2238,8,24,100,2400,50
655,10115,S18_2238,4,46,100,4600,41
656,10127,S18_2238,10,45,100,4500,12
657,10141,S18_2238,4,39,100,3900,17
658,10151,S18_2238,2,43,100,4300,33
659,10165,S18_2238,11,29,100,2900,38
660,10176,S18_2238,10,20,100,2000,54
661,10184,S18_2238,5,46,100,4600,13
662,10195,S18_2238,5,27,100,2700,14
663,10207,S18_2238,6,44,100,4400,16
664,10219,S18_2238,1,43,100,4300,54
665,10230,S18_2238,8,49,100,4900,41
666,10246,S18_2238,4,40,100,4000,22
667,10259,S18_2238,3,30,100,3000,31
668,10271,S18_2238,4,50,100,5000,17
669,10282,S18_2238,13,23,100,2300,24
670,10292,S18_2238,7,26,100,2600,48
671,10305,S18_2238,4,27,100,2700,35
672,10314,S18_2238,13,42,100,4200,41
673,10324,S18_2238,8,47,100,4700,30
674,10336,S18_2238,6,49,100,4900,51
675,10349,S18_2238,8,38,100,3800,1
676,10358,S18_2238,10,20,100,2000,34
677,10371,S18_2238,7,25,100,2500,35
678,10382,S18_2238,5,25,88,2200,17
679,10412,S18_2238,4,41,100,4100,22
680,10425,S18_2238,3,28,100,2800,49
681,10100,S18_2248,2,50,67.8,3390,11
682,10110,S18_2248,6,32,50.25,1608,41
683,10124,S18_2248,5,42,53.88,2262.96,16
684,10149,S18_2248,10,24,62.36,1496.64,3
685,10162,S18_2248,8,27,69.62,1879.74,43
686,10173,S18_2248,12,26,57.51,1495.26,55
687,10182,S18_2248,9,38,61.15,2323.7,47
688,10193,S18_2248,13,42,59.33,2491.86,59
689,10204,S18_2248,3,23,71.44,1643.12,21
690,10214,S18_2248,6,21,62.96,1322.16,7
691,10227,S18_2248,9,28,50.85,1423.8,44
692,10241,S18_2248,1,33,72.65,2397.45,1
693,10280,S18_2248,15,25,62.96,1574,1
694,10288,S18_2248,4,28,61.75,1729,30
695,10303,S18_2248,2,46,49.04,2255.84,26
696,10312,S18_2248,16,30,61.15,1834.5,31
697,10332,S18_2248,9,38,84.25,3201.5,9
698,10344,S18_2248,2,40,56.91,2276.4,14
699,10367,S18_2248,4,45,100,4500,1
700,10379,S18_2248,1,27,49.3,1331.1,2
701,10407,S18_2248,1,42,72.65,3051.3,58
702,10420,S18_2248,4,36,63.57,2288.52,31
703,10104,S18_2319,12,29,100,2900,38
704,10114,S18_2319,3,39,100,3900,54
705,10127,S18_2319,14,45,100,4500,37
706,10141,S18_2319,8,47,100,4700,10
707,10151,S18_2319,6,49,100,4900,33
708,10165,S18_2319,15,46,100,4600,50
709,10175,S18_2319,4,48,100,4800,15
710,10184,S18_2319,9,46,100,4600,18
711,10195,S18_2319,9,35,100,3500,52
712,10207,S18_2319,10,43,100,4300,39
713,10229,S18_2319,4,26,100,2600,57
714,10246,S18_2319,8,22,98.18,2159.96,2
715,10259,S18_2319,7,34,99.41,3379.94,44
716,10271,S18_2319,8,50,100,5000,37
717,10281,S18_2319,4,48,100,4800,54
718,10292,S18_2319,11,41,100,4100,11
719,10305,S18_2319,8,36,100,3600,30
720,10313,S18_2319,2,29,100,2900,24
721,10324,S18_2319,10,33,37.48,1236.84,17
722,10334,S18_2319,6,46,100,4600,44
723,10349,S18_2319,7,38,100,3800,60
724,10358,S18_2319,11,20,36.42,728.4,13
725,10370,S18_2319,5,22,100,2200,19
726,10383,S18_2319,11,27,100,2700,18
727,10412,S18_2319,8,56,98.18,5498.08,52
728,10425,S18_2319,7,38,99.41,3777.58,11
729,10101,S18_2325,4,25,100,2500,23
730,10110,S18_2325,4,33,100,3300,27
731,10124,S18_2325,3,42,100,4200,54
732,10149,S18_2325,8,33,100,3300,41
733,10162,S18_2325,6,38,100,3800,44
734,10173,S18_2325,10,31,100,3100,15
735,10182,S18_2325,7,20,100,2000,53
736,10193,S18_2325,11,44,100,4400,54
737,10204,S18_2325,1,26,100,2600,33
738,10214,S18_2325,4,27,100,2700,34
739,10227,S18_2325,7,46,100,4600,43
740,10243,S18_2325,2,47,100,4700,43
741,10280,S18_2325,13,37,100,3700,39
742,10288,S18_2325,2,31,100,3100,38
743,10304,S18_2325,17,24,100,2400,29
744,10312,S18_2325,14,31,100,3100,6
745,10322,S18_2325,6,50,100,5000,12
746,10332,S18_2325,8,35,64.69,2264.15,49
747,10344,S18_2325,3,30,100,3000,33
748,10356,S18_2325,3,29,100,2900,9
749,10367,S18_2325,5,27,100,2700,5
750,10380,S18_2325,10,40,100,4000,31
751,10390,S18_2325,16,31,98.99,3068.69,36
752,10409,S18_2325,2,6,100,600,14
753,10420,S18_2325,2,45,100,4500,43
754,10103,S18_2432,2,22,54.09,1189.98,19
755,10114,S18_2432,6,45,68.67,3090.15,49
756,10126,S18_2432,2,43,65.02,2795.86,21
757,10140,S18_2432,2,46,61.99,2851.54,15
758,10151,S18_2432,9,39,69.28,2701.92,40
759,10165,S18_2432,18,31,71.1,2204.1,27
760,10175,S18_2432,7,41,69.28,2840.48,44
761,10184,S18_2432,12,44,60.16,2647.04,58
762,10194,S18_2432,2,45,70.49,3172.05,45
763,10207,S18_2432,13,37,69.89,2585.93,13
764,10217,S18_2432,2,35,61.38,2148.3,24
765,10229,S18_2432,7,28,59.55,1667.4,53
766,10246,S18_2432,11,30,61.99,1859.7,30
767,10259,S18_2432,10,30,49.22,1476.6,30
768,10271,S18_2432,11,25,69.28,1732,3
769,10281,S18_2432,7,29,57.73,1674.17,18
770,10291,S18_2432,2,26,57.73,1500.98,47
771,10305,S18_2432,11,41,53.48,2192.68,37
772,10313,S18_2432,5,34,52.87,1797.58,48
773,10322,S18_2432,11,35,61.21,2142.35,19
774,10334,S18_2432,1,34,61.38,2086.92,45
775,10347,S18_2432,8,50,100,5000,42
776,10357,S18_2432,7,41,61.99,2541.59,43
777,10370,S18_2432,7,22,96.86,2130.92,22
778,10381,S18_2432,7,35,48.62,1701.7,6
779,10391,S18_2432,5,44,38.5,1694,21
780,10412,S18_2432,11,47,61.99,2913.53,47
781,10425,S18_2432,10,19,49.22,935.18,31
782,10106,S18_2581,2,34,90.39,3073.26,50
783,10120,S18_2581,8,29,71.81,2082.49,60
784,10133,S18_2581,3,49,69.27,3394.23,7
785,10145,S18_2581,14,30,85.32,2559.6,40
786,10168,S18_2581,9,21,70.96,1490.16,16
787,10210,S18_2581,7,50,76.88,3844,21
788,10223,S18_2581,9,47,100,4700,20
789,10235,S18_2581,3,24,76.03,1824.72,57
790,10250,S18_2581,4,27,98.84,2668.68,10
791,10263,S18_2581,10,33,86.17,2843.61,11
792,10275,S18_2581,9,35,90.39,3163.65,8
793,10284,S18_2581,1,31,71.81,2226.11,46
794,10297,S18_2581,4,25,82.79,2069.75,32
795,10308,S18_2581,7,27,82.79,2235.33,49
796,10318,S18_2581,9,31,100,3100,11
797,10327,S18_2581,8,45,100,4500,27
798,10339,S18_2581,2,27,100,2700,9
799,10353,S18_2581,1,27,100,2700,54
800,10374,S18_2581,2,42,69.27,2909.34,31
801,10386,S18_2581,18,21,74.77,1570.17,49
802,10398,S18_2581,15,34,76.88,2613.92,34
803,10401,S18_2581,3,42,76.03,3193.26,40
804,10416,S18_2581,4,15,98.84,1482.6,24
805,10107,S18_2625,6,29,70.87,2055.23,50
806,10120,S18_2625,4,46,58.15,2674.9,4
807,10134,S18_2625,6,30,61.78,1853.4,1
808,10145,S18_2625,10,30,49.67,1490.1,46
809,10159,S18_2625,18,42,51.48,2162.16,17
810,10168,S18_2625,5,46,61.18,2814.28,16
811,10180,S18_2625,13,25,64.2,1605,26
812,10188,S18_2625,5,32,65.42,2093.44,56
813,10201,S18_2625,6,30,64.81,1944.3,2
814,10210,S18_2625,3,40,49.67,1986.8,4
815,10223,S18_2625,5,28,60.57,1695.96,22
816,10236,S18_2625,2,23,55.72,1281.56,53
817,10251,S18_2625,6,29,61.18,1774.22,39
818,10263,S18_2625,6,34,58.75,1997.5,58
819,10275,S18_2625,5,37,63.6,2353.2,49
820,10285,S18_2625,10,20,49.06,981.2,25
821,10298,S18_2625,2,32,48.46,1550.72,41
822,10308,S18_2625,3,34,52.09,1771.06,41
823,10318,S18_2625,5,42,52.7,2213.4,32
824,10329,S18_2625,12,38,100,3800,1
825,10339,S18_2625,1,30,62.16,1864.8,49
826,10362,S18_2625,3,23,49.67,1142.41,47
827,10374,S18_2625,4,22,53.3,1172.6,41
828,10389,S18_2625,5,39,100,3900,26
829,10402,S18_2625,2,55,55.72,3064.6,40
830,10417,S18_2625,6,36,61.18,2202.48,2
831,10101,S18_2795,1,26,100,2600,20
832,10110,S18_2795,1,31,100,3100,59
833,10125,S18_2795,2,34,100,3400,10
834,10139,S18_2795,8,41,100,4100,33
835,10149,S18_2795,5,23,100,2300,40
836,10162,S18_2795,3,48,100,4800,3
837,10173,S18_2795,7,22,100,2200,31
838,10182,S18_2795,4,21,100,2100,34
839,10193,S18_2795,8,22,100,2200,13
840,10205,S18_2795,3,40,100,4000,34
841,10214,S18_2795,1,50,100,5000,47
842,10227,S18_2795,4,29,100,2900,51
843,10244,S18_2795,8,43,100,4300,18
844,10255,S18_2795,1,24,100,2400,9
845,10280,S18_2795,10,22,100,2200,43
846,10289,S18_2795,3,43,100,4300,40
847,10304,S18_2795,14,20,100,2000,39
848,10312,S18_2795,11,25,100,2500,4
849,10322,S18_2795,2,36,100,3600,35
850,10332,S18_2795,1,24,52.67,1264.08,33
851,10347,S18_2795,6,21,100,2100,6
852,10356,S18_2795,1,30,100,3000,34
853,10367,S18_2795,7,32,94.79,3033.28,6
854,10380,S18_2795,8,21,47.18,990.78,11
855,10390,S18_2795,7,26,78.11,2030.86,2
856,10421,S18_2795,1,35,100,3500,56
857,10109,S18_2870,1,26,100,2600,1
858,10123,S18_2870,3,46,100,4600,46
859,10137,S18_2870,3,37,100,3700,34
860,10148,S18_2870,10,27,100,2700,59
861,10161,S18_2870,9,23,100,2300,19
862,10172,S18_2870,7,39,100,3900,51
863,10181,S18_2870,3,27,100,2700,1
864,10192,S18_2870,8,38,100,3800,40
865,10204,S18_2870,14,27,100,2700,54
866,10212,S18_2870,7,40,100,4000,28
867,10226,S18_2870,5,24,100,2400,31
868,10241,S18_2870,12,44,100,4400,60
869,10253,S18_2870,2,37,100,3700,11
870,10266,S18_2870,3,20,100,2000,47
871,10278,S18_2870,3,39,100,3900,7
872,10287,S18_2870,1,44,100,4400,17
873,10301,S18_2870,5,22,100,2200,10
874,10311,S18_2870,10,43,100,4300,43
875,10321,S18_2870,7,27,100,2700,38
876,10331,S18_2870,10,26,64.9,1687.4,6
877,10343,S18_2870,3,25,52.32,1308,49
878,10366,S18_2870,2,49,100,4900,52
879,10379,S18_2870,5,29,100,2900,58
880,10407,S18_2870,12,41,100,4100,37
881,10419,S18_2870,2,55,100,5500,15
882,10103,S18_2949,12,27,83.07,2242.89,46
883,10112,S18_2949,2,23,100,2300,26
884,10126,S18_2949,12,31,90.17,2795.27,20
885,10139,S18_2949,1,46,100,4600,45
886,10150,S18_2949,9,47,91.18,4285.46,25
887,10163,S18_2949,2,31,100,3100,29
888,10174,S18_2949,5,46,100,4600,50
889,10183,S18_2949,9,37,89.15,3298.55,3
890,10193,S18_2949,1,28,93.21,2609.88,5
891,10206,S18_2949,7,37,90.17,3336.29,21
892,10215,S18_2949,4,49,100,4900,36
893,10228,S18_2949,3,24,100,2400,20
894,10244,S18_2949,1,30,100,3000,29
895,10257,S18_2949,1,50,88.14,4407,45
896,10270,S18_2949,10,31,96.24,2983.44,6
897,10280,S18_2949,3,46,100,4600,13
898,10291,S18_2949,12,47,100,4700,56
899,10304,S18_2949,7,46,100,4600,17
900,10312,S18_2949,4,37,100,3700,1
901,10322,S18_2949,12,33,100,3300,12
902,10333,S18_2949,5,31,90.17,2795.27,40
903,10347,S18_2949,9,48,100,4800,12
904,10357,S18_2949,6,41,87.13,3572.33,21
905,10369,S18_2949,1,42,100,4200,59
906,10381,S18_2949,8,41,100,4100,28
907,10391,S18_2949,6,32,45.25,1448,38
908,10423,S18_2949,1,10,88.14,881.4,6
909,10103,S18_2957,14,35,57.46,2011.1,58
910,10111,S18_2957,2,28,64.33,1801.24,12
911,10126,S18_2957,14,46,73.7,3390.2,27
912,10139,S18_2957,3,20,71.2,1424,6
913,10150,S18_2957,11,30,49.97,1499.1,41
914,10163,S18_2957,4,48,69.96,3358.08,50
915,10173,S18_2957,2,28,53.72,1504.16,58
916,10183,S18_2957,11,39,68.08,2655.12,57
917,10193,S18_2957,3,24,51.84,1244.16,50
918,10206,S18_2957,9,28,67.46,1888.88,56
919,10215,S18_2957,6,31,58.71,1820.01,25
920,10228,S18_2957,5,45,63.71,2866.95,7
921,10244,S18_2957,3,24,58.09,1394.16,55
922,10257,S18_2957,3,49,53.72,2632.28,7
923,10269,S18_2957,1,32,63.08,2018.56,25
924,10280,S18_2957,5,43,68.71,2954.53,40
925,10291,S18_2957,14,37,50.59,1871.83,2
926,10304,S18_2957,9,24,64.96,1559.04,34
927,10312,S18_2957,6,35,53.72,1880.2,8
928,10322,S18_2957,13,41,29.87,1224.67,4
929,10332,S18_2957,17,26,100,2600,32
930,10347,S18_2957,10,34,64.96,2208.64,29
931,10357,S18_2957,5,49,70.58,3458.42,10
932,10369,S18_2957,6,28,44.21,1237.88,37
933,10381,S18_2957,4,40,68.08,2723.2,11
934,10392,S18_2957,3,37,59.96,2218.52,6
935,10423,S18_2957,3,31,53.72,1665.32,49
936,10106,S18_3029,18,41,83.44,3421.04,28
937,10119,S18_3029,9,21,89.46,1878.66,10
938,10130,S18_3029,2,40,96.34,3853.6,38
939,10143,S18_3029,13,46,74.84,3442.64,28
940,10155,S18_3029,11,44,79.14,3482.16,42
941,10167,S18_3029,7,46,73.12,3363.52,17
942,10178,S18_3029,10,41,81.72,3350.52,8
943,10186,S18_3029,7,32,89.46,2862.72,31
944,10197,S18_3029,4,46,87.74,4036.04,2
945,10209,S18_3029,6,28,100,2800,39
946,10222,S18_3029,10,49,94.62,4636.38,18
947,10248,S18_3029,1,21,73.98,1553.58,45
948,10262,S18_3029,15,32,84.3,2697.6,41
949,10273,S18_3029,2,34,98.06,3334.04,54
950,10283,S18_3029,4,21,98.06,2059.26,52
951,10296,S18_3029,13,21,96.34,2023.14,16
952,10307,S18_3029,7,31,83.44,2586.64,60
953,10316,S18_3029,15,21,94.62,1987.02,58
954,10327,S18_3029,5,25,45.86,1146.5,1
955,10338,S18_3029,3,28,82.58,2312.24,17
956,10350,S18_3029,6,43,64.97,2793.71,49
957,10373,S18_3029,5,22,86.74,1908.28,18
958,10386,S18_3029,5,37,93.01,3441.37,36
959,10398,S18_3029,18,28,72.26,2023.28,17
960,10400,S18_3029,7,30,74.84,2245.2,21
961,10414,S18_3029,1,44,73.98,3255.12,44
962,10103,S18_3136,13,25,100,2500,36
963,10111,S18_3136,1,43,100,4300,46
964,10126,S18_3136,13,30,97.39,2921.7,54
965,10139,S18_3136,2,20,90.06,1801.2,32
966,10150,S18_3136,10,26,100,2600,48
967,10163,S18_3136,3,40,100,4000,27
968,10173,S18_3136,1,31,89.01,2759.31,11
969,10183,S18_3136,10,22,100,2200,17
970,10193,S18_3136,2,23,100,2300,15
971,10206,S18_3136,8,30,100,3000,43
972,10215,S18_3136,5,49,100,4900,13
973,10228,S18_3136,4,31,100,3100,25
974,10244,S18_3136,2,29,100,2900,34
975,10257,S18_3136,2,37,84.82,3138.34,46
976,10270,S18_3136,11,38,100,3800,40
977,10280,S18_3136,4,29,100,2900,31
978,10291,S18_3136,13,23,100,2300,30
979,10304,S18_3136,8,26,85.87,2232.62,44
980,10312,S18_3136,5,38,100,3800,51
981,10322,S18_3136,7,48,47.04,2257.92,5
982,10332,S18_3136,18,40,39.8,1592,33
983,10347,S18_3136,11,45,100,4500,52
984,10357,S18_3136,4,44,100,4400,51
985,10369,S18_3136,5,21,94.22,1978.62,22
986,10381,S18_3136,5,35,100,3500,41
987,10392,S18_3136,2,29,86.92,2520.68,53
988,10423,S18_3136,2,21,84.82,1781.22,35
989,10105,S18_3140,11,22,100,2200,33
990,10117,S18_3140,5,26,100,2600,1
991,10128,S18_3140,2,41,100,4100,43
992,10142,S18_3140,8,47,100,4700,2
993,10153,S18_3140,7,31,100,3100,11
994,10166,S18_3140,2,43,100,4300,33
995,10177,S18_3140,9,23,100,2300,57
996,10185,S18_3140,9,28,100,2800,3
997,10196,S18_3140,1,49,100,4900,49
998,10208,S18_3140,9,24,100,2400,47
999,10221,S18_3140,3,33,100,3300,19
1000,10232,S18_3140,6,22,100,2200,34
